{
	"name": "mgt_2e_character_sheets",
	"title": "Paub's stab at the official Mongoose 2e traveller character sheet",
	"description": "For use with twodsix",
	"version": "0.0.9",
	"author": "paub",
	"minimumCoreVersion": "0.7.7",
	"compatibleCoreVersion": "0.7.9",
	"systems": ["twodsix"],
	"minimumSystemVersion": "1.2.0",
	"esmodules": ["mgt_2e_character_sheets.js"],
	"styles": ["/css/mgt_2e_character_sheets.css"],
	"url": "https://github.com/p4ub/mgt_2e_character_sheets",
	"manifest": "https://raw.githubusercontent.com/p4ub/mgt_2e_character_sheets/master/mgt_2e_character_sheets/module.json",
	"download": "https://github.com/p4ub/mgt_2e_character_sheets/blob/master/mgt_2e_character_sheets.zip"
}
